,conv,dataset,train acc micro,test acc micro,train acc macro,test acc macro,label assortativity,feature assortativity,cluster coefficient,average shortest path,average degree
0,GCN,0.10.10.225,0.7888730385164051,0.1256281407035175,0.7888730385164051,0.1256281407035175,0.1,0.1,0.2,2,5
1,SAGE,0.10.10.225,0.7845934379457917,0.0954773869346733,0.7845934379457917,0.0954773869346733,0.1,0.1,0.2,2,5
2,GCN,0.10.10.2220,0.6847360912981455,0.1306532663316583,0.6847360912981455,0.1306532663316583,0.1,0.1,0.2,2,20
3,SAGE,0.10.10.2220,0.5320970042796006,0.0804020100502512,0.5320970042796006,0.0804020100502512,0.1,0.1,0.2,2,20
4,GCN,0.10.10.2240,0.8502139800285307,0.1708542713567839,0.8502139800285307,0.1708542713567839,0.1,0.1,0.2,2,40
5,SAGE,0.10.10.2240,0.6405135520684736,0.0402010050251256,0.6405135520684736,0.0402010050251256,0.1,0.1,0.2,2,40
6,GCN,0.10.10.232,0.7617689015691869,0.135678391959799,0.7617689015691869,0.135678391959799,0.1,0.1,0.2,3,2
7,SAGE,0.10.10.232,0.9029957203994294,0.0603015075376884,0.9029957203994294,0.0603015075376884,0.1,0.1,0.2,3,2
8,GCN,0.10.10.235,0.7104136947218259,0.1557788944723618,0.7104136947218259,0.1557788944723618,0.1,0.1,0.2,3,5
9,SAGE,0.10.10.235,0.3751783166904422,0.0603015075376884,0.3751783166904422,0.0603015075376884,0.1,0.1,0.2,3,5
10,GCN,0.10.10.2320,0.4935805991440798,0.1758793969849246,0.4935805991440798,0.1758793969849246,0.1,0.1,0.2,3,20
11,SAGE,0.10.10.2320,0.5905848787446505,0.0753768844221105,0.5905848787446505,0.0753768844221105,0.1,0.1,0.2,3,20
12,GCN,0.10.10.242,0.7960057061340942,0.1407035175879397,0.7960057061340942,0.1407035175879397,0.1,0.1,0.2,4,2
13,SAGE,0.10.10.242,0.8031383737517832,0.0703517587939698,0.8031383737517832,0.0703517587939698,0.1,0.1,0.2,4,2
14,GCN,0.10.10.245,0.4593437945791726,0.1105527638190954,0.4593437945791726,0.1105527638190954,0.1,0.1,0.2,4,5
15,SAGE,0.10.10.245,0.9300998573466476,0.100502512562814,0.9300998573466476,0.100502512562814,0.1,0.1,0.2,4,5
16,GCN,0.10.10.525,0.7360912981455064,0.0954773869346733,0.7360912981455064,0.0954773869346733,0.1,0.1,0.5,2,5
17,SAGE,0.10.10.525,0.7346647646219686,0.0854271356783919,0.7346647646219686,0.0854271356783919,0.1,0.1,0.5,2,5
18,GCN,0.10.10.5220,0.5249643366619116,0.2613065326633166,0.5249643366619116,0.2613065326633166,0.1,0.1,0.5,2,20
19,SAGE,0.10.10.5220,0.884450784593438,0.0954773869346733,0.884450784593438,0.0954773869346733,0.1,0.1,0.5,2,20
20,GCN,0.10.10.5240,0.1455064194008559,0.0854271356783919,0.1455064194008559,0.0854271356783919,0.1,0.1,0.5,2,40
21,SAGE,0.10.10.5240,0.8773181169757489,0.0552763819095477,0.8773181169757489,0.0552763819095477,0.1,0.1,0.5,2,40
22,GCN,0.10.10.535,0.6833095577746077,0.185929648241206,0.6833095577746077,0.185929648241206,0.1,0.1,0.5,3,5
23,SAGE,0.10.10.535,0.557774607703281,0.0653266331658291,0.557774607703281,0.0653266331658291,0.1,0.1,0.5,3,5
24,GCN,0.10.10.5320,0.3922967189728958,0.185929648241206,0.3922967189728958,0.185929648241206,0.1,0.1,0.5,3,20
25,SAGE,0.10.10.5320,1.0,0.0552763819095477,1.0,0.0552763819095477,0.1,0.1,0.5,3,20
26,GCN,0.10.10.545,0.5691868758915835,0.1105527638190954,0.5691868758915835,0.1105527638190954,0.1,0.1,0.5,4,5
27,SAGE,0.10.10.545,0.7289586305278174,0.0904522613065326,0.7289586305278174,0.0904522613065326,0.1,0.1,0.5,4,5
28,GCN,0.10.50.225,0.7489300998573466,0.1959798994974874,0.7489300998573466,0.1959798994974874,0.1,0.5,0.2,2,5
29,GCN,0.10.50.2220,0.3794579172610556,0.0904522613065326,0.3794579172610556,0.0904522613065326,0.1,0.5,0.2,2,20
30,GCN,0.10.50.2240,0.8074179743223966,0.1155778894472361,0.8074179743223966,0.1155778894472361,0.1,0.5,0.2,2,40
31,GCN,0.10.50.232,0.8687589158345221,0.1155778894472361,0.8687589158345221,0.1155778894472361,0.1,0.5,0.2,3,2
32,GCN,0.10.50.235,0.8102710413694721,0.1658291457286432,0.8102710413694721,0.1658291457286432,0.1,0.5,0.2,3,5
33,GCN,0.10.50.2320,0.536376604850214,0.0954773869346733,0.536376604850214,0.0954773869346733,0.1,0.5,0.2,3,20
34,GCN,0.10.50.242,0.6875891583452212,0.0954773869346733,0.6875891583452212,0.0954773869346733,0.1,0.5,0.2,4,2
35,GCN,0.10.50.245,0.8031383737517832,0.185929648241206,0.8031383737517832,0.185929648241206,0.1,0.5,0.2,4,5
36,GCN,0.10.50.525,0.5007132667617689,0.1959798994974874,0.5007132667617689,0.1959798994974874,0.1,0.5,0.5,2,5
37,GCN,0.10.50.5220,0.5549215406562055,0.2412060301507537,0.5549215406562055,0.2412060301507537,0.1,0.5,0.5,2,20
38,GCN,0.10.50.5240,0.3851640513552068,0.2311557788944723,0.3851640513552068,0.2311557788944723,0.1,0.5,0.5,2,40
39,GCN,0.10.50.535,0.7888730385164051,0.1809045226130653,0.7888730385164051,0.1809045226130653,0.1,0.5,0.5,3,5
40,GCN,0.10.50.5320,0.4893009985734665,0.0954773869346733,0.4893009985734665,0.0954773869346733,0.1,0.5,0.5,3,20
41,GCN,0.10.50.545,0.5763195435092725,0.1155778894472361,0.5763195435092725,0.1155778894472361,0.1,0.5,0.5,4,5
42,GCN,0.10.90.225,0.6847360912981455,0.0954773869346733,0.6847360912981455,0.0954773869346733,0.1,0.9,0.2,2,5
43,GCN,0.10.90.2220,0.6533523537803139,0.1055276381909547,0.6533523537803139,0.1055276381909547,0.1,0.9,0.2,2,20
44,GCN,0.10.90.2240,0.8074179743223966,0.1457286432160804,0.8074179743223966,0.1457286432160804,0.1,0.9,0.2,2,40
45,GCN,0.10.90.232,0.9372325249643366,0.2060301507537688,0.9372325249643366,0.2060301507537688,0.1,0.9,0.2,3,2
46,GCN,0.10.90.235,0.5007132667617689,0.100502512562814,0.5007132667617689,0.100502512562814,0.1,0.9,0.2,3,5
47,GCN,0.10.90.2320,0.8673323823109843,0.185929648241206,0.8673323823109843,0.185929648241206,0.1,0.9,0.2,3,20
48,GCN,0.10.90.242,0.6847360912981455,0.1055276381909547,0.6847360912981455,0.1055276381909547,0.1,0.9,0.2,4,2
49,GCN,0.10.90.245,0.5634807417974322,0.135678391959799,0.5634807417974322,0.135678391959799,0.1,0.9,0.2,4,5
50,GCN,0.10.90.2535,0.7189728958630528,0.1608040201005025,0.7189728958630528,0.1608040201005025,0.1,0.9,0.2,5,35
51,GCN,0.10.90.525,0.7118402282453637,0.1507537688442211,0.7118402282453637,0.1507537688442211,0.1,0.9,0.5,2,5
52,GCN,0.10.90.5220,0.2696148359486447,0.1206030150753768,0.2696148359486447,0.1206030150753768,0.1,0.9,0.5,2,20
53,GCN,0.10.90.5240,0.7375178316690443,0.2110552763819095,0.7375178316690443,0.2110552763819095,0.1,0.9,0.5,2,40
54,GCN,0.10.90.535,0.7589158345221113,0.1809045226130653,0.7589158345221113,0.1809045226130653,0.1,0.9,0.5,3,5
55,GCN,0.10.90.5320,0.4108416547788873,0.2110552763819095,0.4108416547788873,0.2110552763819095,0.1,0.9,0.5,3,20
56,GCN,0.10.90.545,0.5905848787446505,0.185929648241206,0.5905848787446505,0.185929648241206,0.1,0.9,0.5,4,5
57,GCN,0.50.10.0125,0.7845934379457917,0.2512562814070351,0.7845934379457917,0.2512562814070351,0.5,0.1,0.01,2,5
58,GCN,0.50.10.01220,0.572039942938659,0.1909547738693467,0.572039942938659,0.1909547738693467,0.5,0.1,0.01,2,20
59,GCN,0.50.10.01240,0.9158345221112696,0.3668341708542713,0.9158345221112696,0.3668341708542713,0.5,0.1,0.01,2,40
60,GCN,0.50.10.0132,0.92867332382311,0.6331658291457286,0.92867332382311,0.6331658291457286,0.5,0.1,0.01,3,2
61,GCN,0.50.10.0135,0.4893009985734665,0.3567839195979899,0.4893009985734665,0.3567839195979899,0.5,0.1,0.01,3,5
62,GCN,0.50.10.01320,0.7018544935805991,0.371859296482412,0.7018544935805991,0.371859296482412,0.5,0.1,0.01,3,20
63,GCN,0.50.10.0142,0.8088445078459344,0.2211055276381909,0.8088445078459344,0.2211055276381909,0.5,0.1,0.01,4,2
64,GCN,0.50.10.0145,0.6861626248216833,0.2311557788944723,0.6861626248216833,0.2311557788944723,0.5,0.1,0.01,4,5
65,GCN,0.50.10.0172,0.8773181169757489,0.5376884422110553,0.8773181169757489,0.5376884422110553,0.5,0.1,0.01,7,2
66,GCN,0.50.10.225,0.9671897289586304,0.9547738693467336,0.9671897289586304,0.9547738693467336,0.5,0.1,0.2,2,5
67,GCN,0.50.10.2220,0.9087018544935808,0.7638190954773869,0.9087018544935808,0.7638190954773869,0.5,0.1,0.2,2,20
68,GCN,0.50.10.2240,0.8373751783166904,0.3366834170854271,0.8373751783166904,0.3366834170854271,0.5,0.1,0.2,2,40
69,GCN,0.50.10.232,0.6961483594864479,0.5778894472361809,0.6961483594864479,0.5778894472361809,0.5,0.1,0.2,3,2
70,GCN,0.50.10.235,0.9186875891583453,0.2964824120603015,0.9186875891583453,0.2964824120603015,0.5,0.1,0.2,3,5
71,GCN,0.50.10.2320,0.637660485021398,0.271356783919598,0.637660485021398,0.271356783919598,0.5,0.1,0.2,3,20
72,GCN,0.50.10.242,0.8830242510699001,0.2060301507537688,0.8830242510699001,0.2060301507537688,0.5,0.1,0.2,4,2
73,GCN,0.50.10.245,0.5863052781740371,0.2763819095477386,0.5863052781740371,0.2763819095477386,0.5,0.1,0.2,4,5
74,GCN,0.50.10.525,0.7118402282453637,0.2512562814070351,0.7118402282453637,0.2512562814070351,0.5,0.1,0.5,2,5
75,GCN,0.50.10.5220,0.644793152639087,0.2412060301507537,0.644793152639087,0.2412060301507537,0.5,0.1,0.5,2,20
76,GCN,0.50.10.5240,0.7118402282453637,0.236180904522613,0.7118402282453637,0.236180904522613,0.5,0.1,0.5,2,40
77,GCN,0.50.10.535,0.5734664764621968,0.2211055276381909,0.5734664764621968,0.2211055276381909,0.5,0.1,0.5,3,5
78,GCN,0.50.10.5320,0.7203994293865906,0.2914572864321608,0.7203994293865906,0.2914572864321608,0.5,0.1,0.5,3,20
79,GCN,0.50.10.545,0.4151212553495007,0.2462311557788944,0.4151212553495007,0.2462311557788944,0.5,0.1,0.5,4,5
80,GCN,0.50.50.0125,0.9971469329529244,0.457286432160804,0.9971469329529244,0.457286432160804,0.5,0.5,0.01,2,5
81,GCN,0.50.50.01220,0.8174037089871612,0.4371859296482412,0.8174037089871612,0.4371859296482412,0.5,0.5,0.01,2,20
82,GCN,0.50.50.01240,0.7346647646219686,0.3517587939698492,0.7346647646219686,0.3517587939698492,0.5,0.5,0.01,2,40
83,GCN,0.50.50.0132,0.8730385164051355,0.4723618090452261,0.8730385164051355,0.4723618090452261,0.5,0.5,0.01,3,2
84,GCN,0.50.50.0135,0.6476462196861626,0.4723618090452261,0.6476462196861626,0.4723618090452261,0.5,0.5,0.01,3,5
85,GCN,0.50.50.01320,0.7047075606276747,0.4522613065326633,0.7047075606276747,0.4522613065326633,0.5,0.5,0.01,3,20
86,GCN,0.50.50.0142,0.9843081312410842,0.6180904522613065,0.9843081312410842,0.6180904522613065,0.5,0.5,0.01,4,2
87,GCN,0.50.50.0145,0.8758915834522111,0.2512562814070351,0.8758915834522111,0.2512562814070351,0.5,0.5,0.01,4,5
88,GCN,0.50.50.0172,0.7332382310984308,0.4522613065326633,0.7332382310984308,0.4522613065326633,0.5,0.5,0.01,7,2
89,GCN,0.50.50.225,0.8445078459343794,0.8090452261306532,0.8445078459343794,0.8090452261306532,0.5,0.5,0.2,2,5
90,GCN,0.50.50.2220,0.9942938659058488,1.0,0.9942938659058488,1.0,0.5,0.5,0.2,2,20
91,GCN,0.50.50.2240,0.9814550641940084,0.9899497487437184,0.9814550641940084,0.9899497487437184,0.5,0.5,0.2,2,40
92,GCN,0.50.50.232,0.9957203994293866,0.7889447236180904,0.9957203994293866,0.7889447236180904,0.5,0.5,0.2,3,2
93,GCN,0.50.50.235,0.8687589158345221,0.6030150753768844,0.8687589158345221,0.6030150753768844,0.5,0.5,0.2,3,5
94,GCN,0.50.50.2320,0.9800285306704708,0.8140703517587939,0.9800285306704708,0.8140703517587939,0.5,0.5,0.2,3,20
95,GCN,0.50.50.242,0.9957203994293866,0.7989949748743719,0.9957203994293866,0.7989949748743719,0.5,0.5,0.2,4,2
96,GCN,0.50.50.245,0.6904422253922967,0.4874371859296482,0.6904422253922967,0.4874371859296482,0.5,0.5,0.2,4,5
97,GCN,0.50.50.525,0.6704707560627675,0.4020100502512563,0.6704707560627675,0.4020100502512563,0.5,0.5,0.5,2,5
98,GCN,0.50.50.5220,0.9158345221112696,0.5276381909547738,0.9158345221112696,0.5276381909547738,0.5,0.5,0.5,2,20
99,GCN,0.50.50.5240,0.8174037089871612,0.4874371859296482,0.8174037089871612,0.4874371859296482,0.5,0.5,0.5,2,40
100,GCN,0.50.50.535,0.8402282453637661,0.457286432160804,0.8402282453637661,0.457286432160804,0.5,0.5,0.5,3,5
101,GCN,0.50.50.5320,0.6119828815977175,0.4221105527638191,0.6119828815977175,0.4221105527638191,0.5,0.5,0.5,3,20
102,GCN,0.50.50.545,0.6419400855920114,0.457286432160804,0.6419400855920114,0.457286432160804,0.5,0.5,0.5,4,5
103,GCN,0.50.90.0125,1.0,0.3819095477386934,1.0,0.3819095477386934,0.5,0.9,0.01,2,5
104,GCN,0.50.90.01220,0.7517831669044223,0.2512562814070351,0.7517831669044223,0.2512562814070351,0.5,0.9,0.01,2,20
105,GCN,0.50.90.01240,0.9771754636233952,0.2763819095477386,0.9771754636233952,0.2763819095477386,0.5,0.9,0.01,2,40
106,GCN,0.50.90.0132,0.8944365192582026,0.3115577889447236,0.8944365192582026,0.3115577889447236,0.5,0.9,0.01,3,2
107,GCN,0.50.90.0135,0.6790299572039943,0.2311557788944723,0.6790299572039943,0.2311557788944723,0.5,0.9,0.01,3,5
108,GCN,0.50.90.01320,0.9101283880171184,0.2814070351758794,0.9101283880171184,0.2814070351758794,0.5,0.9,0.01,3,20
109,GCN,0.50.90.0142,0.7917261055634808,0.2763819095477386,0.7917261055634808,0.2763819095477386,0.5,0.9,0.01,4,2
110,GCN,0.50.90.0145,0.9072753209700428,0.2462311557788944,0.9072753209700428,0.2462311557788944,0.5,0.9,0.01,4,5
111,GCN,0.50.90.0172,1.0,0.628140703517588,1.0,0.628140703517588,0.5,0.9,0.01,7,2
112,GCN,0.50.90.225,0.854493580599144,0.4070351758793969,0.854493580599144,0.4070351758793969,0.5,0.9,0.2,2,5
113,GCN,0.50.90.2220,0.9757489300998572,0.949748743718593,0.9757489300998572,0.949748743718593,0.5,0.9,0.2,2,20
114,GCN,0.50.90.2240,0.912981455064194,0.9346733668341708,0.912981455064194,0.9346733668341708,0.5,0.9,0.2,2,40
115,GCN,0.50.90.232,0.9900142653352354,0.5829145728643216,0.9900142653352354,0.5829145728643216,0.5,0.9,0.2,3,2
116,GCN,0.50.90.235,0.920114122681883,0.4271356783919598,0.920114122681883,0.4271356783919598,0.5,0.9,0.2,3,5
117,GCN,0.50.90.2320,1.0,1.0,1.0,1.0,0.5,0.9,0.2,3,20
118,GCN,0.50.90.242,0.992867332382311,0.507537688442211,0.992867332382311,0.507537688442211,0.5,0.9,0.2,4,2
119,GCN,0.50.90.245,0.8487874465049928,0.7286432160804021,0.8487874465049928,0.7286432160804021,0.5,0.9,0.2,4,5
120,GCN,0.50.90.525,0.985734664764622,0.4824120603015075,0.985734664764622,0.4824120603015075,0.5,0.9,0.5,2,5
121,GCN,0.50.90.5220,0.7788873038516405,0.3618090452261306,0.7788873038516405,0.3618090452261306,0.5,0.9,0.5,2,20
122,GCN,0.50.90.5240,0.6333808844507846,0.3366834170854271,0.6333808844507846,0.3366834170854271,0.5,0.9,0.5,2,40
123,GCN,0.50.90.535,0.5848787446504993,0.3819095477386934,0.5848787446504993,0.3819095477386934,0.5,0.9,0.5,3,5
124,GCN,0.50.90.5320,0.8887303851640513,0.5125628140703518,0.8887303851640513,0.5125628140703518,0.5,0.9,0.5,3,20
125,GCN,0.50.90.545,0.5763195435092725,0.3517587939698492,0.5763195435092725,0.3517587939698492,0.5,0.9,0.5,4,5
126,GCN,0.90.10.0125,0.5905848787446505,0.371859296482412,0.5905848787446505,0.371859296482412,0.9,0.1,0.01,2,5
127,GCN,0.90.10.01220,0.6975748930099858,0.4020100502512563,0.6975748930099858,0.4020100502512563,0.9,0.1,0.01,2,20
128,GCN,0.90.10.01240,0.4921540656205421,0.3417085427135678,0.4921540656205421,0.3417085427135678,0.9,0.1,0.01,2,40
129,GCN,0.90.10.0132,0.9957203994293866,0.5678391959798995,0.9957203994293866,0.5678391959798995,0.9,0.1,0.01,3,2
130,GCN,0.90.10.0135,0.5634807417974322,0.4070351758793969,0.5634807417974322,0.4070351758793969,0.9,0.1,0.01,3,5
131,GCN,0.90.10.01320,0.8944365192582026,0.5829145728643216,0.8944365192582026,0.5829145728643216,0.9,0.1,0.01,3,20
132,GCN,0.90.10.0142,0.9985734664764622,0.5778894472361809,0.9985734664764622,0.5778894472361809,0.9,0.1,0.01,4,2
133,GCN,0.90.10.0145,0.8873038516405135,0.6381909547738693,0.8873038516405135,0.6381909547738693,0.9,0.1,0.01,4,5
134,GCN,0.90.10.0172,0.7517831669044223,0.4874371859296482,0.7517831669044223,0.4874371859296482,0.9,0.1,0.01,7,2
135,GCN,0.90.10.225,0.7261055634807418,0.5276381909547738,0.7261055634807418,0.5276381909547738,0.9,0.1,0.2,2,5
136,GCN,0.90.10.2220,0.9900142653352354,0.9246231155778896,0.9900142653352354,0.9246231155778896,0.9,0.1,0.2,2,20
137,GCN,0.90.10.2240,0.746077032810271,0.7487437185929648,0.746077032810271,0.7487437185929648,0.9,0.1,0.2,2,40
138,GCN,0.90.10.232,1.0,0.9899497487437184,1.0,0.9899497487437184,0.9,0.1,0.2,3,2
139,GCN,0.90.10.235,0.985734664764622,0.7185929648241206,0.985734664764622,0.7185929648241206,0.9,0.1,0.2,3,5
140,GCN,0.90.10.2320,0.7960057061340942,0.7989949748743719,0.7960057061340942,0.7989949748743719,0.9,0.1,0.2,3,20
141,GCN,0.90.10.242,1.0,0.9748743718592964,1.0,0.9748743718592964,0.9,0.1,0.2,4,2
142,GCN,0.90.10.245,0.7660485021398002,0.6030150753768844,0.7660485021398002,0.6030150753768844,0.9,0.1,0.2,4,5
143,GCN,0.90.10.272,0.8887303851640513,0.8844221105527639,0.8887303851640513,0.8844221105527639,0.9,0.1,0.2,7,2
144,GCN,0.90.10.5220,1.0,1.0,1.0,1.0,0.9,0.1,0.5,2,20
145,GCN,0.90.10.5240,0.8502139800285307,0.8492462311557789,0.8502139800285307,0.8492462311557789,0.9,0.1,0.5,2,40
146,GCN,0.90.10.535,0.9329529243937232,0.9396984924623116,0.9329529243937232,0.9396984924623116,0.9,0.1,0.5,3,5
147,GCN,0.90.10.5320,0.5977175463623395,0.5979899497487438,0.5977175463623395,0.5979899497487438,0.9,0.1,0.5,3,20
148,GCN,0.90.10.545,1.0,0.984924623115578,1.0,0.984924623115578,0.9,0.1,0.5,4,5
149,GCN,0.90.50.0125,0.9971469329529244,0.5276381909547738,0.9971469329529244,0.5276381909547738,0.9,0.5,0.01,2,5
150,GCN,0.90.50.01220,0.4978601997146933,0.3819095477386934,0.4978601997146933,0.3819095477386934,0.9,0.5,0.01,2,20
151,GCN,0.90.50.01240,0.3352353780313837,0.2160804020100502,0.3352353780313837,0.2160804020100502,0.9,0.5,0.01,2,40
152,GCN,0.90.50.0132,0.8815977175463623,0.4824120603015075,0.8815977175463623,0.4824120603015075,0.9,0.5,0.01,3,2
153,GCN,0.90.50.0135,0.9500713266761768,0.5527638190954773,0.9500713266761768,0.5527638190954773,0.9,0.5,0.01,3,5
154,GCN,0.90.50.01320,0.9900142653352354,0.5276381909547738,0.9900142653352354,0.5276381909547738,0.9,0.5,0.01,3,20
155,GCN,0.90.50.0142,1.0,0.6180904522613065,1.0,0.6180904522613065,0.9,0.5,0.01,4,2
156,GCN,0.90.50.0145,0.8773181169757489,0.4924623115577889,0.8773181169757489,0.4924623115577889,0.9,0.5,0.01,4,5
157,GCN,0.90.50.0172,0.7703281027104137,0.5276381909547738,0.7703281027104137,0.5276381909547738,0.9,0.5,0.01,7,2
158,GCN,0.90.50.225,0.477888730385164,0.2814070351758794,0.477888730385164,0.2814070351758794,0.9,0.5,0.2,2,5
159,GCN,0.90.50.2220,0.8445078459343794,0.8341708542713567,0.8445078459343794,0.8341708542713567,0.9,0.5,0.2,2,20
160,GCN,0.90.50.2240,0.7018544935805991,0.6984924623115578,0.7018544935805991,0.6984924623115578,0.9,0.5,0.2,2,40
161,GCN,0.90.50.232,1.0,1.0,1.0,1.0,0.9,0.5,0.2,3,2
162,GCN,0.90.50.235,1.0,1.0,1.0,1.0,0.9,0.5,0.2,3,5
163,GCN,0.90.50.2320,1.0,1.0,1.0,1.0,0.9,0.5,0.2,3,20
164,GCN,0.90.50.242,1.0,1.0,1.0,1.0,0.9,0.5,0.2,4,2
165,GCN,0.90.50.245,0.6690442225392297,0.6683417085427136,0.6690442225392297,0.6683417085427136,0.9,0.5,0.2,4,5
166,GCN,0.90.50.272,1.0,0.9899497487437184,1.0,0.9899497487437184,0.9,0.5,0.2,7,2
167,GCN,0.90.50.525,0.5777460770328102,0.5628140703517588,0.5777460770328102,0.5628140703517588,0.9,0.5,0.5,2,5
168,GCN,0.90.50.5220,1.0,1.0,1.0,1.0,0.9,0.5,0.5,2,20
169,GCN,0.90.50.5240,0.7489300998573466,0.7537688442211056,0.7489300998573466,0.7537688442211056,0.9,0.5,0.5,2,40
170,GCN,0.90.50.535,0.992867332382311,0.9748743718592964,0.992867332382311,0.9748743718592964,0.9,0.5,0.5,3,5
171,GCN,0.90.50.5320,0.6647646219686163,0.6683417085427136,0.6647646219686163,0.6683417085427136,0.9,0.5,0.5,3,20
172,GCN,0.90.50.545,0.7503566333808844,0.7487437185929648,0.7503566333808844,0.7487437185929648,0.9,0.5,0.5,4,5
173,GCN,0.90.90.0125,0.8288159771754636,0.4874371859296482,0.8288159771754636,0.4874371859296482,0.9,0.9,0.01,2,5
174,GCN,0.90.90.01220,1.0,0.4673366834170854,1.0,0.4673366834170854,0.9,0.9,0.01,2,20
175,GCN,0.90.90.01240,0.6690442225392297,0.3869346733668342,0.6690442225392297,0.3869346733668342,0.9,0.9,0.01,2,40
176,GCN,0.90.90.0132,0.6562054208273894,0.3668341708542713,0.6562054208273894,0.3668341708542713,0.9,0.9,0.01,3,2
177,GCN,0.90.90.0135,0.5249643366619116,0.3618090452261306,0.5249643366619116,0.3618090452261306,0.9,0.9,0.01,3,5
178,GCN,0.90.90.01320,0.9757489300998572,0.4924623115577889,0.9757489300998572,0.4924623115577889,0.9,0.9,0.01,3,20
179,GCN,0.90.90.0142,0.2995720399429387,0.2261306532663316,0.2995720399429387,0.2261306532663316,0.9,0.9,0.01,4,2
180,GCN,0.90.90.0145,1.0,0.5175879396984925,1.0,0.5175879396984925,0.9,0.9,0.01,4,5
181,GCN,0.90.90.0172,0.7489300998573466,0.5326633165829145,0.7489300998573466,0.5326633165829145,0.9,0.9,0.01,7,2
182,GCN,0.90.90.225,0.7689015691868759,0.6231155778894473,0.7689015691868759,0.6231155778894473,0.9,0.9,0.2,2,5
183,GCN,0.90.90.2220,0.8944365192582026,0.8994974874371859,0.8944365192582026,0.8994974874371859,0.9,0.9,0.2,2,20
184,GCN,0.90.90.2240,0.5991440798858774,0.5979899497487438,0.5991440798858774,0.5979899497487438,0.9,0.9,0.2,2,40
185,GCN,0.90.90.232,1.0,1.0,1.0,1.0,0.9,0.9,0.2,3,2
186,GCN,0.90.90.235,0.9771754636233952,0.7939698492462312,0.9771754636233952,0.7939698492462312,0.9,0.9,0.2,3,5
187,GCN,0.90.90.2320,0.7018544935805991,0.5125628140703518,0.7018544935805991,0.5125628140703518,0.9,0.9,0.2,3,20
188,GCN,0.90.90.242,1.0,0.9899497487437184,1.0,0.9899497487437184,0.9,0.9,0.2,4,2
189,GCN,0.90.90.245,1.0,0.9949748743718592,1.0,0.9949748743718592,0.9,0.9,0.2,4,5
190,GCN,0.90.90.272,0.8987161198288159,0.8894472361809045,0.8987161198288159,0.8894472361809045,0.9,0.9,0.2,7,2
191,GCN,0.90.90.525,1.0,0.9748743718592964,1.0,0.9748743718592964,0.9,0.9,0.5,2,5
192,GCN,0.90.90.5220,1.0,1.0,1.0,1.0,0.9,0.9,0.5,2,20
193,GCN,0.90.90.5240,0.8002853067047075,0.7989949748743719,0.8002853067047075,0.7989949748743719,0.9,0.9,0.5,2,40
194,GCN,0.90.90.535,0.6747503566333809,0.4371859296482412,0.6747503566333809,0.4371859296482412,0.9,0.9,0.5,3,5
195,GCN,0.90.90.5320,0.9072753209700428,0.3467336683417085,0.9072753209700428,0.3467336683417085,0.9,0.9,0.5,3,20
196,GCN,0.90.90.545,0.703281027104137,0.3366834170854271,0.703281027104137,0.3366834170854271,0.9,0.9,0.5,4,5
197,SAGE,0.10.50.225,0.9743223965763196,0.1256281407035175,0.9743223965763196,0.1256281407035175,0.1,0.5,0.2,2,5
198,SAGE,0.10.50.2220,0.514978601997147,0.0804020100502512,0.514978601997147,0.0804020100502512,0.1,0.5,0.2,2,20
199,SAGE,0.10.50.2240,0.7945791726105563,0.1256281407035175,0.7945791726105563,0.1256281407035175,0.1,0.5,0.2,2,40
200,SAGE,0.10.50.232,0.7860199714693296,0.0552763819095477,0.7860199714693296,0.0552763819095477,0.1,0.5,0.2,3,2
201,SAGE,0.10.50.235,0.9971469329529244,0.1206030150753768,0.9971469329529244,0.1206030150753768,0.1,0.5,0.2,3,5
202,SAGE,0.10.50.2320,0.717546362339515,0.0603015075376884,0.717546362339515,0.0603015075376884,0.1,0.5,0.2,3,20
203,SAGE,0.10.50.242,0.7161198288159771,0.050251256281407,0.7161198288159771,0.050251256281407,0.1,0.5,0.2,4,2
204,SAGE,0.10.50.245,0.7075606276747504,0.0904522613065326,0.7075606276747504,0.0904522613065326,0.1,0.5,0.2,4,5
205,SAGE,0.10.50.525,0.6562054208273894,0.0653266331658291,0.6562054208273894,0.0653266331658291,0.1,0.5,0.5,2,5
206,SAGE,0.10.50.5220,0.3266761768901569,0.0552763819095477,0.3266761768901569,0.0552763819095477,0.1,0.5,0.5,2,20
207,SAGE,0.10.50.5240,0.9472182596291012,0.050251256281407,0.9472182596291012,0.050251256281407,0.1,0.5,0.5,2,40
208,SAGE,0.10.50.535,0.9985734664764622,0.1155778894472361,0.9985734664764622,0.1155778894472361,0.1,0.5,0.5,3,5
209,SAGE,0.10.50.5320,0.7089871611982882,0.0552763819095477,0.7089871611982882,0.0552763819095477,0.1,0.5,0.5,3,20
210,SAGE,0.10.50.545,0.905848787446505,0.100502512562814,0.905848787446505,0.100502512562814,0.1,0.5,0.5,4,5
211,SAGE,0.10.90.225,0.833095577746077,0.0753768844221105,0.833095577746077,0.0753768844221105,0.1,0.9,0.2,2,5
212,SAGE,0.10.90.2220,0.7589158345221113,0.0603015075376884,0.7589158345221113,0.0603015075376884,0.1,0.9,0.2,2,20
213,SAGE,0.10.90.2240,0.8145506419400856,0.0603015075376884,0.8145506419400856,0.0603015075376884,0.1,0.9,0.2,2,40
214,SAGE,0.10.90.232,0.9985734664764622,0.0402010050251256,0.9985734664764622,0.0402010050251256,0.1,0.9,0.2,3,2
215,SAGE,0.10.90.235,0.8573466476462197,0.1055276381909547,0.8573466476462197,0.1055276381909547,0.1,0.9,0.2,3,5
216,SAGE,0.10.90.2320,0.9614835948644792,0.1155778894472361,0.9614835948644792,0.1155778894472361,0.1,0.9,0.2,3,20
217,SAGE,0.10.90.242,0.717546362339515,0.0854271356783919,0.717546362339515,0.0854271356783919,0.1,0.9,0.2,4,2
218,SAGE,0.10.90.245,0.8445078459343794,0.0904522613065326,0.8445078459343794,0.0904522613065326,0.1,0.9,0.2,4,5
219,SAGE,0.10.90.2535,0.9529243937232524,0.0753768844221105,0.9529243937232524,0.0753768844221105,0.1,0.9,0.2,5,35
220,SAGE,0.10.90.525,0.8587731811697575,0.0703517587939698,0.8587731811697575,0.0703517587939698,0.1,0.9,0.5,2,5
221,SAGE,0.10.90.5220,0.5007132667617689,0.0452261306532663,0.5007132667617689,0.0452261306532663,0.1,0.9,0.5,2,20
222,SAGE,0.10.90.5240,0.0499286733238231,0.0452261306532663,0.0499286733238231,0.0452261306532663,0.1,0.9,0.5,2,40
223,SAGE,0.10.90.535,0.9671897289586304,0.135678391959799,0.9671897289586304,0.135678391959799,0.1,0.9,0.5,3,5
224,SAGE,0.10.90.5320,0.5592011412268189,0.0753768844221105,0.5592011412268189,0.0753768844221105,0.1,0.9,0.5,3,20
225,SAGE,0.10.90.545,0.92867332382311,0.0804020100502512,0.92867332382311,0.0804020100502512,0.1,0.9,0.5,4,5
226,SAGE,0.50.10.0125,0.6847360912981455,0.0904522613065326,0.6847360912981455,0.0904522613065326,0.5,0.1,0.01,2,5
227,SAGE,0.50.10.01220,0.703281027104137,0.1658291457286432,0.703281027104137,0.1658291457286432,0.5,0.1,0.01,2,20
228,SAGE,0.50.10.01240,0.7960057061340942,0.1658291457286432,0.7960057061340942,0.1658291457286432,0.5,0.1,0.01,2,40
229,SAGE,0.50.10.0132,0.8787446504992867,0.3417085427135678,0.8787446504992867,0.3417085427135678,0.5,0.1,0.01,3,2
230,SAGE,0.50.10.0135,0.8159771754636234,0.2562814070351759,0.8159771754636234,0.2562814070351759,0.5,0.1,0.01,3,5
231,SAGE,0.50.10.01320,0.8231098430813124,0.236180904522613,0.8231098430813124,0.236180904522613,0.5,0.1,0.01,3,20
232,SAGE,0.50.10.0142,0.746077032810271,0.1155778894472361,0.746077032810271,0.1155778894472361,0.5,0.1,0.01,4,2
233,SAGE,0.50.10.0145,0.9914407988587732,0.1608040201005025,0.9914407988587732,0.1608040201005025,0.5,0.1,0.01,4,5
234,SAGE,0.50.10.0172,0.8402282453637661,0.2211055276381909,0.8402282453637661,0.2211055276381909,0.5,0.1,0.01,7,2
235,SAGE,0.50.10.225,0.8245363766048502,0.8241206030150754,0.8245363766048502,0.8241206030150754,0.5,0.1,0.2,2,5
236,SAGE,0.50.10.2220,0.7275320970042796,0.6030150753768844,0.7275320970042796,0.6030150753768844,0.5,0.1,0.2,2,20
237,SAGE,0.50.10.2240,0.9971469329529244,0.1959798994974874,0.9971469329529244,0.1959798994974874,0.5,0.1,0.2,2,40
238,SAGE,0.50.10.232,0.9985734664764622,0.6130653266331658,0.9985734664764622,0.6130653266331658,0.5,0.1,0.2,3,2
239,SAGE,0.50.10.235,0.7731811697574893,0.2261306532663316,0.7731811697574893,0.2261306532663316,0.5,0.1,0.2,3,5
240,SAGE,0.50.10.2320,0.7532097004279601,0.2160804020100502,0.7532097004279601,0.2160804020100502,0.5,0.1,0.2,3,20
241,SAGE,0.50.10.242,0.9871611982881596,0.1708542713567839,0.9871611982881596,0.1708542713567839,0.5,0.1,0.2,4,2
242,SAGE,0.50.10.245,0.9600570613409416,0.1708542713567839,0.9600570613409416,0.1708542713567839,0.5,0.1,0.2,4,5
243,SAGE,0.50.10.525,0.8887303851640513,0.2060301507537688,0.8887303851640513,0.2060301507537688,0.5,0.1,0.5,2,5
244,SAGE,0.50.10.5220,1.0,0.1959798994974874,1.0,0.1959798994974874,0.5,0.1,0.5,2,20
245,SAGE,0.50.10.5240,0.8416547788873039,0.2010050251256281,0.8416547788873039,0.2010050251256281,0.5,0.1,0.5,2,40
246,SAGE,0.50.10.535,0.8730385164051355,0.2060301507537688,0.8730385164051355,0.2060301507537688,0.5,0.1,0.5,3,5
247,SAGE,0.50.10.5320,0.7902995720399429,0.2763819095477386,0.7902995720399429,0.2763819095477386,0.5,0.1,0.5,3,20
248,SAGE,0.50.10.545,0.6547788873038516,0.2211055276381909,0.6547788873038516,0.2211055276381909,0.5,0.1,0.5,4,5
249,SAGE,0.50.50.0125,0.6690442225392297,0.3165829145728643,0.6690442225392297,0.3165829145728643,0.5,0.5,0.01,2,5
250,SAGE,0.50.50.01220,0.9942938659058488,0.2763819095477386,0.9942938659058488,0.2763819095477386,0.5,0.5,0.01,2,20
251,SAGE,0.50.50.01240,0.7945791726105563,0.3065326633165829,0.7945791726105563,0.3065326633165829,0.5,0.5,0.01,2,40
252,SAGE,0.50.50.0132,0.4037089871611983,0.2160804020100502,0.4037089871611983,0.2160804020100502,0.5,0.5,0.01,3,2
253,SAGE,0.50.50.0135,0.9072753209700428,0.3015075376884422,0.9072753209700428,0.3015075376884422,0.5,0.5,0.01,3,5
254,SAGE,0.50.50.01320,0.3223965763195435,0.2412060301507537,0.3223965763195435,0.2412060301507537,0.5,0.5,0.01,3,20
255,SAGE,0.50.50.0142,0.7660485021398002,0.3517587939698492,0.7660485021398002,0.3517587939698492,0.5,0.5,0.01,4,2
256,SAGE,0.50.50.0145,0.4764621968616263,0.1256281407035175,0.4764621968616263,0.1256281407035175,0.5,0.5,0.01,4,5
257,SAGE,0.50.50.0172,1.0,0.4271356783919598,1.0,0.4271356783919598,0.5,0.5,0.01,7,2
258,SAGE,0.50.50.225,0.9914407988587732,0.7889447236180904,0.9914407988587732,0.7889447236180904,0.5,0.5,0.2,2,5
259,SAGE,0.50.50.2220,0.9957203994293866,1.0,0.9957203994293866,1.0,0.5,0.5,0.2,2,20
260,SAGE,0.50.50.2240,0.7346647646219686,0.7487437185929648,0.7346647646219686,0.7487437185929648,0.5,0.5,0.2,2,40
261,SAGE,0.50.50.232,0.543509272467903,0.3618090452261306,0.543509272467903,0.3618090452261306,0.5,0.5,0.2,3,2
262,SAGE,0.50.50.235,0.7945791726105563,0.3919597989949748,0.7945791726105563,0.3919597989949748,0.5,0.5,0.2,3,5
263,SAGE,0.50.50.2320,0.9971469329529244,0.7839195979899497,0.9971469329529244,0.7839195979899497,0.5,0.5,0.2,3,20
264,SAGE,0.50.50.242,0.7203994293865906,0.3618090452261306,0.7203994293865906,0.3618090452261306,0.5,0.5,0.2,4,2
265,SAGE,0.50.50.245,0.6390870185449358,0.3819095477386934,0.6390870185449358,0.3819095477386934,0.5,0.5,0.2,4,5
266,SAGE,0.50.50.525,0.9686162624821684,0.3919597989949748,0.9686162624821684,0.3919597989949748,0.5,0.5,0.5,2,5
267,SAGE,0.50.50.5220,0.7018544935805991,0.3567839195979899,0.7018544935805991,0.3567839195979899,0.5,0.5,0.5,2,20
268,SAGE,0.50.50.5240,0.9229671897289586,0.4271356783919598,0.9229671897289586,0.4271356783919598,0.5,0.5,0.5,2,40
269,SAGE,0.50.50.535,0.9101283880171184,0.3366834170854271,0.9101283880171184,0.3366834170854271,0.5,0.5,0.5,3,5
270,SAGE,0.50.50.5320,0.5805991440798859,0.236180904522613,0.5805991440798859,0.236180904522613,0.5,0.5,0.5,3,20
271,SAGE,0.50.50.545,0.543509272467903,0.2462311557788944,0.543509272467903,0.2462311557788944,0.5,0.5,0.5,4,5
272,SAGE,0.50.90.0125,0.9914407988587732,0.2814070351758794,0.9914407988587732,0.2814070351758794,0.5,0.9,0.01,2,5
273,SAGE,0.50.90.01220,0.8787446504992867,0.2160804020100502,0.8787446504992867,0.2160804020100502,0.5,0.9,0.01,2,20
274,SAGE,0.50.90.01240,0.9329529243937232,0.1557788944723618,0.9329529243937232,0.1557788944723618,0.5,0.9,0.01,2,40
275,SAGE,0.50.90.0132,0.8730385164051355,0.1155778894472361,0.8730385164051355,0.1155778894472361,0.5,0.9,0.01,3,2
276,SAGE,0.50.90.0135,0.9757489300998572,0.1809045226130653,0.9757489300998572,0.1809045226130653,0.5,0.9,0.01,3,5
277,SAGE,0.50.90.01320,0.8031383737517832,0.1909547738693467,0.8031383737517832,0.1909547738693467,0.5,0.9,0.01,3,20
278,SAGE,0.50.90.0142,0.9643366619115548,0.1557788944723618,0.9643366619115548,0.1557788944723618,0.5,0.9,0.01,4,2
279,SAGE,0.50.90.0145,0.9971469329529244,0.1909547738693467,0.9971469329529244,0.1909547738693467,0.5,0.9,0.01,4,5
280,SAGE,0.50.90.0172,0.6904422253922967,0.3567839195979899,0.6904422253922967,0.3567839195979899,0.5,0.9,0.01,7,2
281,SAGE,0.50.90.225,0.9215406562054208,0.1658291457286432,0.9215406562054208,0.1658291457286432,0.5,0.9,0.2,2,5
282,SAGE,0.50.90.2220,1.0,0.9949748743718592,1.0,0.9949748743718592,0.5,0.9,0.2,2,20
283,SAGE,0.50.90.2240,1.0,0.9949748743718592,1.0,0.9949748743718592,0.5,0.9,0.2,2,40
284,SAGE,0.50.90.232,0.9386590584878745,0.3819095477386934,0.9386590584878745,0.3819095477386934,0.5,0.9,0.2,3,2
285,SAGE,0.50.90.235,0.7146932952924394,0.3919597989949748,0.7146932952924394,0.3919597989949748,0.5,0.9,0.2,3,5
286,SAGE,0.50.90.2320,1.0,1.0,1.0,1.0,0.5,0.9,0.2,3,20
287,SAGE,0.50.90.242,0.9400855920114124,0.3517587939698492,0.9400855920114124,0.3517587939698492,0.5,0.9,0.2,4,2
288,SAGE,0.50.90.245,0.8316690442225392,0.7135678391959799,0.8316690442225392,0.7135678391959799,0.5,0.9,0.2,4,5
289,SAGE,0.50.90.525,0.8131241084165478,0.3517587939698492,0.8131241084165478,0.3517587939698492,0.5,0.9,0.5,2,5
290,SAGE,0.50.90.5220,0.746077032810271,0.3417085427135678,0.746077032810271,0.3417085427135678,0.5,0.9,0.5,2,20
291,SAGE,0.50.90.5240,0.9643366619115548,0.4120603015075377,0.9643366619115548,0.4120603015075377,0.5,0.9,0.5,2,40
292,SAGE,0.50.90.535,0.7860199714693296,0.3768844221105528,0.7860199714693296,0.3768844221105528,0.5,0.9,0.5,3,5
293,SAGE,0.50.90.5320,1.0,0.4422110552763819,1.0,0.4422110552763819,0.5,0.9,0.5,3,20
294,SAGE,0.50.90.545,0.8174037089871612,0.3567839195979899,0.8174037089871612,0.3567839195979899,0.5,0.9,0.5,4,5
295,SAGE,0.90.10.0125,0.9044222539229672,0.2763819095477386,0.9044222539229672,0.2763819095477386,0.9,0.1,0.01,2,5
296,SAGE,0.90.10.01220,0.9472182596291012,0.1105527638190954,0.9472182596291012,0.1105527638190954,0.9,0.1,0.01,2,20
297,SAGE,0.90.10.01240,0.9971469329529244,0.4070351758793969,0.9971469329529244,0.4070351758793969,0.9,0.1,0.01,2,40
298,SAGE,0.90.10.0132,0.8958630527817404,0.3366834170854271,0.8958630527817404,0.3366834170854271,0.9,0.1,0.01,3,2
299,SAGE,0.90.10.0135,1.0,0.3366834170854271,1.0,0.3366834170854271,0.9,0.1,0.01,3,5
300,SAGE,0.90.10.01320,0.5306704707560628,0.2663316582914573,0.5306704707560628,0.2663316582914573,0.9,0.1,0.01,3,20
301,SAGE,0.90.10.0142,0.8773181169757489,0.3316582914572864,0.8773181169757489,0.3316582914572864,0.9,0.1,0.01,4,2
302,SAGE,0.90.10.0145,0.7375178316690443,0.185929648241206,0.7375178316690443,0.185929648241206,0.9,0.1,0.01,4,5
303,SAGE,0.90.10.0172,0.7018544935805991,0.2060301507537688,0.7018544935805991,0.2060301507537688,0.9,0.1,0.01,7,2
304,SAGE,0.90.10.225,0.971469329529244,0.2914572864321608,0.971469329529244,0.2914572864321608,0.9,0.1,0.2,2,5
305,SAGE,0.90.10.2220,1.0,0.8944723618090452,1.0,0.8944723618090452,0.9,0.1,0.2,2,20
306,SAGE,0.90.10.2240,1.0,0.9798994974874372,1.0,0.9798994974874372,0.9,0.1,0.2,2,40
307,SAGE,0.90.10.232,0.7931526390870185,0.7939698492462312,0.7931526390870185,0.7939698492462312,0.9,0.1,0.2,3,2
308,SAGE,0.90.10.235,0.8288159771754636,0.5778894472361809,0.8288159771754636,0.5778894472361809,0.9,0.1,0.2,3,5
309,SAGE,0.90.10.2320,0.9514978601997148,0.949748743718593,0.9514978601997148,0.949748743718593,0.9,0.1,0.2,3,20
310,SAGE,0.90.10.242,0.9971469329529244,0.9949748743718592,0.9971469329529244,0.9949748743718592,0.9,0.1,0.2,4,2
311,SAGE,0.90.10.245,0.9144079885877318,0.6030150753768844,0.9144079885877318,0.6030150753768844,0.9,0.1,0.2,4,5
312,SAGE,0.90.10.272,0.9985734664764622,1.0,0.9985734664764622,1.0,0.9,0.1,0.2,7,2
313,SAGE,0.90.10.5220,1.0,1.0,1.0,1.0,0.9,0.1,0.5,2,20
314,SAGE,0.90.10.5240,0.9514978601997148,0.949748743718593,0.9514978601997148,0.949748743718593,0.9,0.1,0.5,2,40
315,SAGE,0.90.10.535,0.8687589158345221,0.8793969849246231,0.8687589158345221,0.8793969849246231,0.9,0.1,0.5,3,5
316,SAGE,0.90.10.5320,1.0,0.9949748743718592,1.0,0.9949748743718592,0.9,0.1,0.5,3,20
317,SAGE,0.90.10.545,0.7004279600570613,0.6834170854271356,0.7004279600570613,0.6834170854271356,0.9,0.1,0.5,4,5
318,SAGE,0.90.50.0125,0.7788873038516405,0.321608040201005,0.7788873038516405,0.321608040201005,0.9,0.5,0.01,2,5
319,SAGE,0.90.50.01220,0.9258202567760342,0.3417085427135678,0.9258202567760342,0.3417085427135678,0.9,0.5,0.01,2,20
320,SAGE,0.90.50.01240,0.9500713266761768,0.3467336683417085,0.9500713266761768,0.3467336683417085,0.9,0.5,0.01,2,40
321,SAGE,0.90.50.0132,1.0,0.3768844221105528,1.0,0.3768844221105528,0.9,0.5,0.01,3,2
322,SAGE,0.90.50.0135,0.8059914407988588,0.2914572864321608,0.8059914407988588,0.2914572864321608,0.9,0.5,0.01,3,5
323,SAGE,0.90.50.01320,0.7446504992867332,0.2864321608040201,0.7446504992867332,0.2864321608040201,0.9,0.5,0.01,3,20
324,SAGE,0.90.50.0142,0.3523537803138373,0.1909547738693467,0.3523537803138373,0.1909547738693467,0.9,0.5,0.01,4,2
325,SAGE,0.90.50.0145,0.9728958630527818,0.371859296482412,0.9728958630527818,0.371859296482412,0.9,0.5,0.01,4,5
326,SAGE,0.90.50.0172,0.7845934379457917,0.3115577889447236,0.7845934379457917,0.3115577889447236,0.9,0.5,0.01,7,2
327,SAGE,0.90.50.225,0.5706134094151213,0.2763819095477386,0.5706134094151213,0.2763819095477386,0.9,0.5,0.2,2,5
328,SAGE,0.90.50.2220,0.7503566333808844,0.7437185929648241,0.7503566333808844,0.7437185929648241,0.9,0.5,0.2,2,20
329,SAGE,0.90.50.2240,0.9985734664764622,1.0,0.9985734664764622,1.0,0.9,0.5,0.2,2,40
330,SAGE,0.90.50.232,1.0,1.0,1.0,1.0,0.9,0.5,0.2,3,2
331,SAGE,0.90.50.235,0.8659058487874465,0.8693467336683417,0.8659058487874465,0.8693467336683417,0.9,0.5,0.2,3,5
332,SAGE,0.90.50.2320,0.8659058487874465,0.864321608040201,0.8659058487874465,0.864321608040201,0.9,0.5,0.2,3,20
333,SAGE,0.90.50.242,1.0,1.0,1.0,1.0,0.9,0.5,0.2,4,2
334,SAGE,0.90.50.245,0.7346647646219686,0.7336683417085427,0.7346647646219686,0.7336683417085427,0.9,0.5,0.2,4,5
335,SAGE,0.90.50.272,0.9343794579172612,0.8844221105527639,0.9343794579172612,0.8844221105527639,0.9,0.5,0.2,7,2
336,SAGE,0.90.50.525,0.9814550641940084,1.0,0.9814550641940084,1.0,0.9,0.5,0.5,2,5
337,SAGE,0.90.50.5220,0.9001426533523538,0.8894472361809045,0.9001426533523538,0.8894472361809045,0.9,0.5,0.5,2,20
338,SAGE,0.90.50.5240,0.7475035663338089,0.7587939698492462,0.7475035663338089,0.7587939698492462,0.9,0.5,0.5,2,40
339,SAGE,0.90.50.535,1.0,0.964824120603015,1.0,0.964824120603015,0.9,0.5,0.5,3,5
340,SAGE,0.90.50.5320,1.0,1.0,1.0,1.0,0.9,0.5,0.5,3,20
341,SAGE,0.90.50.545,0.7018544935805991,0.6934673366834171,0.7018544935805991,0.6934673366834171,0.9,0.5,0.5,4,5
342,SAGE,0.90.90.0125,0.9158345221112696,0.3417085427135678,0.9158345221112696,0.3417085427135678,0.9,0.9,0.01,2,5
343,SAGE,0.90.90.01220,0.8958630527817404,0.3065326633165829,0.8958630527817404,0.3065326633165829,0.9,0.9,0.01,2,20
344,SAGE,0.90.90.01240,0.7189728958630528,0.3115577889447236,0.7189728958630528,0.3115577889447236,0.9,0.9,0.01,2,40
345,SAGE,0.90.90.0132,0.9229671897289586,0.2914572864321608,0.9229671897289586,0.2914572864321608,0.9,0.9,0.01,3,2
346,SAGE,0.90.90.0135,0.9814550641940084,0.3165829145728643,0.9814550641940084,0.3165829145728643,0.9,0.9,0.01,3,5
347,SAGE,0.90.90.01320,0.7261055634807418,0.2613065326633166,0.7261055634807418,0.2613065326633166,0.9,0.9,0.01,3,20
348,SAGE,0.90.90.0142,0.7574893009985735,0.3015075376884422,0.7574893009985735,0.3015075376884422,0.9,0.9,0.01,4,2
349,SAGE,0.90.90.0145,0.9629101283880172,0.4120603015075377,0.9629101283880172,0.4120603015075377,0.9,0.9,0.01,4,5
350,SAGE,0.90.90.0172,0.7731811697574893,0.1809045226130653,0.7731811697574893,0.1809045226130653,0.9,0.9,0.01,7,2
351,SAGE,0.90.90.225,0.9015691868758916,0.5175879396984925,0.9015691868758916,0.5175879396984925,0.9,0.9,0.2,2,5
352,SAGE,0.90.90.2220,1.0,0.964824120603015,1.0,0.964824120603015,0.9,0.9,0.2,2,20
353,SAGE,0.90.90.2240,1.0,1.0,1.0,1.0,0.9,0.9,0.2,2,40
354,SAGE,0.90.90.232,0.666191155492154,0.6733668341708543,0.666191155492154,0.6733668341708543,0.9,0.9,0.2,3,2
355,SAGE,0.90.90.235,0.6077032810271041,0.4522613065326633,0.6077032810271041,0.4522613065326633,0.9,0.9,0.2,3,5
356,SAGE,0.90.90.2320,0.6119828815977175,0.3768844221105528,0.6119828815977175,0.3768844221105528,0.9,0.9,0.2,3,20
357,SAGE,0.90.90.242,0.9358059914407988,0.9195979899497488,0.9358059914407988,0.9195979899497488,0.9,0.9,0.2,4,2
358,SAGE,0.90.90.245,0.7988587731811697,0.7889447236180904,0.7988587731811697,0.7889447236180904,0.9,0.9,0.2,4,5
359,SAGE,0.90.90.272,0.8002853067047075,0.8040201005025126,0.8002853067047075,0.8040201005025126,0.9,0.9,0.2,7,2
360,SAGE,0.90.90.525,0.7902995720399429,0.7939698492462312,0.7902995720399429,0.7939698492462312,0.9,0.9,0.5,2,5
361,SAGE,0.90.90.5220,0.7960057061340942,0.7989949748743719,0.7960057061340942,0.7989949748743719,0.9,0.9,0.5,2,20
362,SAGE,0.90.90.5240,1.0,1.0,1.0,1.0,0.9,0.9,0.5,2,40
363,SAGE,0.90.90.535,0.6162624821683309,0.3517587939698492,0.6162624821683309,0.3517587939698492,0.9,0.9,0.5,3,5
364,SAGE,0.90.90.5320,1.0,0.2412060301507537,1.0,0.2412060301507537,0.9,0.9,0.5,3,20
365,SAGE,0.90.90.545,0.8630527817403709,0.2562814070351759,0.8630527817403709,0.2562814070351759,0.9,0.9,0.5,4,5
366,GAT,0.10.10.225,0.6162624821683309,0.1055276381909547,0.6162624821683309,0.1055276381909547,0.1,0.1,0.2,2,5
367,GAT,0.10.10.2220,0.8858773181169758,0.1507537688442211,0.8858773181169758,0.1507537688442211,0.1,0.1,0.2,2,20
368,GAT,0.10.10.2240,0.7646219686162625,0.1557788944723618,0.7646219686162625,0.1557788944723618,0.1,0.1,0.2,2,40
369,GAT,0.10.10.232,0.92867332382311,0.1407035175879397,0.92867332382311,0.1407035175879397,0.1,0.1,0.2,3,2
370,GAT,0.10.10.235,0.6747503566333809,0.1306532663316583,0.6747503566333809,0.1306532663316583,0.1,0.1,0.2,3,5
371,GAT,0.10.10.2320,0.5820256776034237,0.1407035175879397,0.5820256776034237,0.1407035175879397,0.1,0.1,0.2,3,20
372,GAT,0.10.10.242,0.8131241084165478,0.0904522613065326,0.8131241084165478,0.0904522613065326,0.1,0.1,0.2,4,2
373,GAT,0.10.10.245,0.8587731811697575,0.1256281407035175,0.8587731811697575,0.1256281407035175,0.1,0.1,0.2,4,5
374,GAT,0.10.10.525,0.8716119828815977,0.1256281407035175,0.8716119828815977,0.1256281407035175,0.1,0.1,0.5,2,5
375,GAT,0.10.10.5220,0.68188302425107,0.2412060301507537,0.68188302425107,0.2412060301507537,0.1,0.1,0.5,2,20
376,GAT,0.10.10.5240,0.666191155492154,0.1909547738693467,0.666191155492154,0.1909547738693467,0.1,0.1,0.5,2,40
377,GAT,0.10.10.535,0.8758915834522111,0.1256281407035175,0.8758915834522111,0.1256281407035175,0.1,0.1,0.5,3,5
378,GAT,0.10.10.5320,0.6562054208273894,0.1608040201005025,0.6562054208273894,0.1608040201005025,0.1,0.1,0.5,3,20
379,GAT,0.10.10.545,0.6875891583452212,0.100502512562814,0.6875891583452212,0.100502512562814,0.1,0.1,0.5,4,5
380,GAT,0.10.50.225,0.8231098430813124,0.0753768844221105,0.8231098430813124,0.0753768844221105,0.1,0.5,0.2,2,5
381,GAT,0.10.50.2220,0.4379457917261055,0.2110552763819095,0.4379457917261055,0.2110552763819095,0.1,0.5,0.2,2,20
382,GAT,0.10.50.2240,0.6490727532097005,0.0904522613065326,0.6490727532097005,0.0904522613065326,0.1,0.5,0.2,2,40
383,GAT,0.10.50.232,0.776034236804565,0.0854271356783919,0.776034236804565,0.0854271356783919,0.1,0.5,0.2,3,2
384,GAT,0.10.50.235,0.6019971469329529,0.1105527638190954,0.6019971469329529,0.1105527638190954,0.1,0.5,0.2,3,5
385,GAT,0.10.50.2320,0.8987161198288159,0.135678391959799,0.8987161198288159,0.135678391959799,0.1,0.5,0.2,3,20
386,GAT,0.10.50.242,0.7089871611982882,0.100502512562814,0.7089871611982882,0.100502512562814,0.1,0.5,0.2,4,2
387,GAT,0.10.50.245,0.8530670470756063,0.1557788944723618,0.8530670470756063,0.1557788944723618,0.1,0.5,0.2,4,5
388,GAT,0.10.50.525,0.5221112696148359,0.0753768844221105,0.5221112696148359,0.0753768844221105,0.1,0.5,0.5,2,5
389,GAT,0.10.50.5220,0.717546362339515,0.1608040201005025,0.717546362339515,0.1608040201005025,0.1,0.5,0.5,2,20
390,GAT,0.10.50.5240,0.7089871611982882,0.3316582914572864,0.7089871611982882,0.3316582914572864,0.1,0.5,0.5,2,40
391,GAT,0.10.50.535,0.7075606276747504,0.0954773869346733,0.7075606276747504,0.0954773869346733,0.1,0.5,0.5,3,5
392,GAT,0.10.50.5320,0.6191155492154066,0.0804020100502512,0.6191155492154066,0.0804020100502512,0.1,0.5,0.5,3,20
393,GAT,0.10.50.545,0.5221112696148359,0.0804020100502512,0.5221112696148359,0.0804020100502512,0.1,0.5,0.5,4,5
394,GAT,0.10.90.225,0.8687589158345221,0.1407035175879397,0.8687589158345221,0.1407035175879397,0.1,0.9,0.2,2,5
395,GAT,0.10.90.2220,0.7047075606276747,0.0653266331658291,0.7047075606276747,0.0653266331658291,0.1,0.9,0.2,2,20
396,GAT,0.10.90.2240,0.9429386590584878,0.135678391959799,0.9429386590584878,0.135678391959799,0.1,0.9,0.2,2,40
397,GAT,0.10.90.232,0.8730385164051355,0.1256281407035175,0.8730385164051355,0.1256281407035175,0.1,0.9,0.2,3,2
398,GAT,0.10.90.235,0.7218259629101283,0.1155778894472361,0.7218259629101283,0.1155778894472361,0.1,0.9,0.2,3,5
399,GAT,0.10.90.2320,0.202567760342368,0.0854271356783919,0.202567760342368,0.0854271356783919,0.1,0.9,0.2,3,20
400,GAT,0.10.90.242,0.3951497860199714,0.1155778894472361,0.3951497860199714,0.1155778894472361,0.1,0.9,0.2,4,2
401,GAT,0.10.90.245,0.8758915834522111,0.1206030150753768,0.8758915834522111,0.1206030150753768,0.1,0.9,0.2,4,5
402,GAT,0.10.90.2535,0.8730385164051355,0.1457286432160804,0.8730385164051355,0.1457286432160804,0.1,0.9,0.2,5,35
403,GAT,0.10.90.525,0.514978601997147,0.0552763819095477,0.514978601997147,0.0552763819095477,0.1,0.9,0.5,2,5
404,GAT,0.10.90.5220,0.5606276747503567,0.1155778894472361,0.5606276747503567,0.1155778894472361,0.1,0.9,0.5,2,20
405,GAT,0.10.90.5240,0.6690442225392297,0.2663316582914573,0.6690442225392297,0.2663316582914573,0.1,0.9,0.5,2,40
406,GAT,0.10.90.535,0.7004279600570613,0.1658291457286432,0.7004279600570613,0.1658291457286432,0.1,0.9,0.5,3,5
407,GAT,0.10.90.5320,0.7232524964336662,0.1155778894472361,0.7232524964336662,0.1155778894472361,0.1,0.9,0.5,3,20
408,GAT,0.10.90.545,0.7589158345221113,0.1457286432160804,0.7589158345221113,0.1457286432160804,0.1,0.9,0.5,4,5
409,GAT,0.50.10.0125,0.9243937232524964,0.271356783919598,0.9243937232524964,0.271356783919598,0.5,0.1,0.01,2,5
410,GAT,0.50.10.01220,0.7874465049928673,0.2763819095477386,0.7874465049928673,0.2763819095477386,0.5,0.1,0.01,2,20
411,GAT,0.50.10.01240,0.920114122681883,0.2964824120603015,0.920114122681883,0.2964824120603015,0.5,0.1,0.01,2,40
412,GAT,0.50.10.0132,0.9514978601997148,0.6130653266331658,0.9514978601997148,0.6130653266331658,0.5,0.1,0.01,3,2
413,GAT,0.50.10.0135,0.5763195435092725,0.4120603015075377,0.5763195435092725,0.4120603015075377,0.5,0.1,0.01,3,5
414,GAT,0.50.10.01320,0.8987161198288159,0.371859296482412,0.8987161198288159,0.371859296482412,0.5,0.1,0.01,3,20
415,GAT,0.50.10.0142,0.7475035663338089,0.2311557788944723,0.7475035663338089,0.2311557788944723,0.5,0.1,0.01,4,2
416,GAT,0.50.10.0145,0.854493580599144,0.236180904522613,0.854493580599144,0.236180904522613,0.5,0.1,0.01,4,5
417,GAT,0.50.10.0172,0.985734664764622,0.5326633165829145,0.985734664764622,0.5326633165829145,0.5,0.1,0.01,7,2
418,GAT,0.50.10.225,0.9743223965763196,0.5979899497487438,0.9743223965763196,0.5979899497487438,0.5,0.1,0.2,2,5
419,GAT,0.50.10.2220,0.8259629101283881,0.7286432160804021,0.8259629101283881,0.7286432160804021,0.5,0.1,0.2,2,20
420,GAT,0.50.10.2240,0.8402282453637661,0.2110552763819095,0.8402282453637661,0.2110552763819095,0.5,0.1,0.2,2,40
421,GAT,0.50.10.232,0.6633380884450785,0.5226130653266332,0.6633380884450785,0.5226130653266332,0.5,0.1,0.2,3,2
422,GAT,0.50.10.235,0.9985734664764622,0.2311557788944723,0.9985734664764622,0.2311557788944723,0.5,0.1,0.2,3,5
423,GAT,0.50.10.2320,0.8045649072753209,0.2462311557788944,0.8045649072753209,0.2462311557788944,0.5,0.1,0.2,3,20
424,GAT,0.50.10.242,0.463623395149786,0.1959798994974874,0.463623395149786,0.1959798994974874,0.5,0.1,0.2,4,2
425,GAT,0.50.10.245,0.9044222539229672,0.2412060301507537,0.9044222539229672,0.2412060301507537,0.5,0.1,0.2,4,5
426,GAT,0.50.10.525,0.644793152639087,0.2663316582914573,0.644793152639087,0.2663316582914573,0.5,0.1,0.5,2,5
427,GAT,0.50.10.5220,0.6262482168330956,0.2010050251256281,0.6262482168330956,0.2010050251256281,0.5,0.1,0.5,2,20
428,GAT,0.50.10.5240,0.8644793152639088,0.2060301507537688,0.8644793152639088,0.2060301507537688,0.5,0.1,0.5,2,40
429,GAT,0.50.10.535,0.7203994293865906,0.2211055276381909,0.7203994293865906,0.2211055276381909,0.5,0.1,0.5,3,5
430,GAT,0.50.10.5320,0.8930099857346647,0.2562814070351759,0.8930099857346647,0.2562814070351759,0.5,0.1,0.5,3,20
431,GAT,0.50.10.545,0.477888730385164,0.2010050251256281,0.477888730385164,0.2010050251256281,0.5,0.1,0.5,4,5
432,GAT,0.50.50.0125,0.985734664764622,0.4321608040201005,0.985734664764622,0.4321608040201005,0.5,0.5,0.01,2,5
433,GAT,0.50.50.01220,0.7560627674750356,0.3567839195979899,0.7560627674750356,0.3567839195979899,0.5,0.5,0.01,2,20
434,GAT,0.50.50.01240,0.8930099857346647,0.3115577889447236,0.8930099857346647,0.3115577889447236,0.5,0.5,0.01,2,40
435,GAT,0.50.50.0132,0.6975748930099858,0.2814070351758794,0.6975748930099858,0.2814070351758794,0.5,0.5,0.01,3,2
436,GAT,0.50.50.0135,0.971469329529244,0.4924623115577889,0.971469329529244,0.4924623115577889,0.5,0.5,0.01,3,5
437,GAT,0.50.50.01320,0.9072753209700428,0.4623115577889447,0.9072753209700428,0.4623115577889447,0.5,0.5,0.01,3,20
438,GAT,0.50.50.0142,0.9828815977175464,0.4874371859296482,0.9828815977175464,0.4874371859296482,0.5,0.5,0.01,4,2
439,GAT,0.50.50.0145,0.7203994293865906,0.2261306532663316,0.7203994293865906,0.2261306532663316,0.5,0.5,0.01,4,5
440,GAT,0.50.50.0172,0.9814550641940084,0.4824120603015075,0.9814550641940084,0.4824120603015075,0.5,0.5,0.01,7,2
441,GAT,0.50.50.225,0.7303851640513552,0.4321608040201005,0.7303851640513552,0.4321608040201005,0.5,0.5,0.2,2,5
442,GAT,0.50.50.2220,1.0,0.984924623115578,1.0,0.984924623115578,0.5,0.5,0.2,2,20
443,GAT,0.50.50.2240,0.9914407988587732,0.964824120603015,0.9914407988587732,0.964824120603015,0.5,0.5,0.2,2,40
444,GAT,0.50.50.232,0.9985734664764622,0.5778894472361809,0.9985734664764622,0.5778894472361809,0.5,0.5,0.2,3,2
445,GAT,0.50.50.235,0.884450784593438,0.5477386934673367,0.884450784593438,0.5477386934673367,0.5,0.5,0.2,3,5
446,GAT,0.50.50.2320,0.6476462196861626,0.4221105527638191,0.6476462196861626,0.4221105527638191,0.5,0.5,0.2,3,20
447,GAT,0.50.50.242,0.7203994293865906,0.507537688442211,0.7203994293865906,0.507537688442211,0.5,0.5,0.2,4,2
448,GAT,0.50.50.245,0.6590584878744651,0.3819095477386934,0.6590584878744651,0.3819095477386934,0.5,0.5,0.2,4,5
449,GAT,0.50.50.525,0.6562054208273894,0.3618090452261306,0.6562054208273894,0.3618090452261306,0.5,0.5,0.5,2,5
450,GAT,0.50.50.5220,0.6105563480741797,0.3567839195979899,0.6105563480741797,0.3567839195979899,0.5,0.5,0.5,2,20
451,GAT,0.50.50.5240,0.8573466476462197,0.4673366834170854,0.8573466476462197,0.4673366834170854,0.5,0.5,0.5,2,40
452,GAT,0.50.50.535,0.9158345221112696,0.4271356783919598,0.9158345221112696,0.4271356783919598,0.5,0.5,0.5,3,5
453,GAT,0.50.50.5320,0.703281027104137,0.457286432160804,0.703281027104137,0.457286432160804,0.5,0.5,0.5,3,20
454,GAT,0.50.50.545,0.8102710413694721,0.4120603015075377,0.8102710413694721,0.4120603015075377,0.5,0.5,0.5,4,5
455,GAT,0.50.90.0125,0.9942938659058488,0.3316582914572864,0.9942938659058488,0.3316582914572864,0.5,0.9,0.01,2,5
456,GAT,0.50.90.01220,0.9871611982881596,0.236180904522613,0.9871611982881596,0.236180904522613,0.5,0.9,0.01,2,20
457,GAT,0.50.90.01240,0.8402282453637661,0.236180904522613,0.8402282453637661,0.236180904522613,0.5,0.9,0.01,2,40
458,GAT,0.50.90.0132,0.957203994293866,0.2311557788944723,0.957203994293866,0.2311557788944723,0.5,0.9,0.01,3,2
459,GAT,0.50.90.0135,0.7503566333808844,0.2512562814070351,0.7503566333808844,0.2512562814070351,0.5,0.9,0.01,3,5
460,GAT,0.50.90.01320,0.738944365192582,0.2311557788944723,0.738944365192582,0.2311557788944723,0.5,0.9,0.01,3,20
461,GAT,0.50.90.0142,0.7417974322396577,0.2562814070351759,0.7417974322396577,0.2562814070351759,0.5,0.9,0.01,4,2
462,GAT,0.50.90.0145,0.7589158345221113,0.2160804020100502,0.7589158345221113,0.2160804020100502,0.5,0.9,0.01,4,5
463,GAT,0.50.90.0172,0.9985734664764622,0.5276381909547738,0.9985734664764622,0.5276381909547738,0.5,0.9,0.01,7,2
464,GAT,0.50.90.225,0.6647646219686163,0.2763819095477386,0.6647646219686163,0.2763819095477386,0.5,0.9,0.2,2,5
465,GAT,0.50.90.2220,0.971469329529244,0.8391959798994975,0.971469329529244,0.8391959798994975,0.5,0.9,0.2,2,20
466,GAT,0.50.90.2240,0.9971469329529244,0.9195979899497488,0.9971469329529244,0.9195979899497488,0.5,0.9,0.2,2,40
467,GAT,0.50.90.232,0.1997146932952924,0.2010050251256281,0.1997146932952924,0.2010050251256281,0.5,0.9,0.2,3,2
468,GAT,0.50.90.235,0.8430813124108416,0.4221105527638191,0.8430813124108416,0.4221105527638191,0.5,0.9,0.2,3,5
469,GAT,0.50.90.2320,0.8516405135520685,0.8442211055276382,0.8516405135520685,0.8442211055276382,0.5,0.9,0.2,3,20
470,GAT,0.50.90.242,0.9985734664764622,0.4472361809045226,0.9985734664764622,0.4472361809045226,0.5,0.9,0.2,4,2
471,GAT,0.50.90.245,0.5221112696148359,0.4170854271356783,0.5221112696148359,0.4170854271356783,0.5,0.9,0.2,4,5
472,GAT,0.50.90.525,0.8687589158345221,0.4221105527638191,0.8687589158345221,0.4221105527638191,0.5,0.9,0.5,2,5
473,GAT,0.50.90.5220,0.5606276747503567,0.3618090452261306,0.5606276747503567,0.3618090452261306,0.5,0.9,0.5,2,20
474,GAT,0.50.90.5240,0.7888730385164051,0.3517587939698492,0.7888730385164051,0.3517587939698492,0.5,0.9,0.5,2,40
475,GAT,0.50.90.535,0.8673323823109843,0.4321608040201005,0.8673323823109843,0.4321608040201005,0.5,0.9,0.5,3,5
476,GAT,0.50.90.5320,0.8131241084165478,0.4371859296482412,0.8131241084165478,0.4371859296482412,0.5,0.9,0.5,3,20
477,GAT,0.50.90.545,0.8887303851640513,0.4522613065326633,0.8887303851640513,0.4522613065326633,0.5,0.9,0.5,4,5
478,GAT,0.90.10.0125,0.7788873038516405,0.4271356783919598,0.7788873038516405,0.4271356783919598,0.9,0.1,0.01,2,5
479,GAT,0.90.10.01220,0.6034236804564908,0.2763819095477386,0.6034236804564908,0.2763819095477386,0.9,0.1,0.01,2,20
480,GAT,0.90.10.01240,0.9229671897289586,0.5628140703517588,0.9229671897289586,0.5628140703517588,0.9,0.1,0.01,2,40
481,GAT,0.90.10.0132,0.7774607703281027,0.3819095477386934,0.7774607703281027,0.3819095477386934,0.9,0.1,0.01,3,2
482,GAT,0.90.10.0135,0.4493580599144079,0.2462311557788944,0.4493580599144079,0.2462311557788944,0.9,0.1,0.01,3,5
483,GAT,0.90.10.01320,0.9985734664764622,0.4170854271356783,0.9985734664764622,0.4170854271356783,0.9,0.1,0.01,3,20
484,GAT,0.90.10.0142,1.0,0.4623115577889447,1.0,0.4623115577889447,0.9,0.1,0.01,4,2
485,GAT,0.90.10.0145,0.9029957203994294,0.5577889447236181,0.9029957203994294,0.5577889447236181,0.9,0.1,0.01,4,5
486,GAT,0.90.10.0172,0.9186875891583453,0.6030150753768844,0.9186875891583453,0.6030150753768844,0.9,0.1,0.01,7,2
487,GAT,0.90.10.225,0.7161198288159771,0.3869346733668342,0.7161198288159771,0.3869346733668342,0.9,0.1,0.2,2,5
488,GAT,0.90.10.2220,0.9957203994293866,0.678391959798995,0.9957203994293866,0.678391959798995,0.9,0.1,0.2,2,20
489,GAT,0.90.10.2240,0.9001426533523538,0.8743718592964824,0.9001426533523538,0.8743718592964824,0.9,0.1,0.2,2,40
490,GAT,0.90.10.232,1.0,0.8040201005025126,1.0,0.8040201005025126,0.9,0.1,0.2,3,2
491,GAT,0.90.10.235,1.0,0.4924623115577889,1.0,0.4924623115577889,0.9,0.1,0.2,3,5
492,GAT,0.90.10.2320,0.9971469329529244,0.9296482412060302,0.9971469329529244,0.9296482412060302,0.9,0.1,0.2,3,20
493,GAT,0.90.10.242,0.6918687589158345,0.6683417085427136,0.6918687589158345,0.6683417085427136,0.9,0.1,0.2,4,2
494,GAT,0.90.10.245,0.666191155492154,0.371859296482412,0.666191155492154,0.371859296482412,0.9,0.1,0.2,4,5
495,GAT,0.90.10.272,0.9900142653352354,0.8793969849246231,0.9900142653352354,0.8793969849246231,0.9,0.1,0.2,7,2
496,GAT,0.90.10.5220,1.0,0.8793969849246231,1.0,0.8793969849246231,0.9,0.1,0.5,2,20
497,GAT,0.90.10.5240,0.7475035663338089,0.5879396984924623,0.7475035663338089,0.5879396984924623,0.9,0.1,0.5,2,40
498,GAT,0.90.10.535,1.0,0.8994974874371859,1.0,0.8994974874371859,0.9,0.1,0.5,3,5
499,GAT,0.90.10.5320,1.0,0.8542713567839196,1.0,0.8542713567839196,0.9,0.1,0.5,3,20
500,GAT,0.90.10.545,1.0,0.7135678391959799,1.0,0.7135678391959799,0.9,0.1,0.5,4,5
501,GAT,0.90.50.0125,0.9757489300998572,0.4422110552763819,0.9757489300998572,0.4422110552763819,0.9,0.5,0.01,2,5
502,GAT,0.90.50.01220,0.3281027104136947,0.2613065326633166,0.3281027104136947,0.2613065326633166,0.9,0.5,0.01,2,20
503,GAT,0.90.50.01240,0.9728958630527818,0.4422110552763819,0.9728958630527818,0.4422110552763819,0.9,0.5,0.01,2,40
504,GAT,0.90.50.0132,0.5634807417974322,0.3517587939698492,0.5634807417974322,0.3517587939698492,0.9,0.5,0.01,3,2
505,GAT,0.90.50.0135,1.0,0.4271356783919598,1.0,0.4271356783919598,0.9,0.5,0.01,3,5
506,GAT,0.90.50.01320,0.7232524964336662,0.3869346733668342,0.7232524964336662,0.3869346733668342,0.9,0.5,0.01,3,20
507,GAT,0.90.50.0142,0.9871611982881596,0.5175879396984925,0.9871611982881596,0.5175879396984925,0.9,0.5,0.01,4,2
508,GAT,0.90.50.0145,0.1997146932952924,0.2010050251256281,0.1997146932952924,0.2010050251256281,0.9,0.5,0.01,4,5
509,GAT,0.90.50.0172,0.8017118402282454,0.5175879396984925,0.8017118402282454,0.5175879396984925,0.9,0.5,0.01,7,2
510,GAT,0.90.50.225,0.9900142653352354,0.4824120603015075,0.9900142653352354,0.4824120603015075,0.9,0.5,0.2,2,5
511,GAT,0.90.50.2220,0.8958630527817404,0.8743718592964824,0.8958630527817404,0.8743718592964824,0.9,0.5,0.2,2,20
512,GAT,0.90.50.2240,0.7432239657631954,0.7437185929648241,0.7432239657631954,0.7437185929648241,0.9,0.5,0.2,2,40
513,GAT,0.90.50.232,1.0,0.9447236180904522,1.0,0.9447236180904522,0.9,0.5,0.2,3,2
514,GAT,0.90.50.235,0.7332382310984308,0.6030150753768844,0.7332382310984308,0.6030150753768844,0.9,0.5,0.2,3,5
515,GAT,0.90.50.2320,0.9343794579172612,0.8090452261306532,0.9343794579172612,0.8090452261306532,0.9,0.5,0.2,3,20
516,GAT,0.90.50.242,1.0,0.914572864321608,1.0,0.914572864321608,0.9,0.5,0.2,4,2
517,GAT,0.90.50.245,0.8687589158345221,0.7839195979899497,0.8687589158345221,0.7839195979899497,0.9,0.5,0.2,4,5
518,GAT,0.90.50.272,0.7275320970042796,0.6532663316582915,0.7275320970042796,0.6532663316582915,0.9,0.5,0.2,7,2
519,GAT,0.90.50.525,0.985734664764622,0.5778894472361809,0.985734664764622,0.5778894472361809,0.9,0.5,0.5,2,5
520,GAT,0.90.50.5220,0.8487874465049928,0.7135678391959799,0.8487874465049928,0.7135678391959799,0.9,0.5,0.5,2,20
521,GAT,0.90.50.5240,0.8017118402282454,0.5628140703517588,0.8017118402282454,0.5628140703517588,0.9,0.5,0.5,2,40
522,GAT,0.90.50.535,1.0,0.6432160804020101,1.0,0.6432160804020101,0.9,0.5,0.5,3,5
523,GAT,0.90.50.5320,1.0,0.7788944723618091,1.0,0.7788944723618091,0.9,0.5,0.5,3,20
524,GAT,0.90.50.545,1.0,0.7738693467336684,1.0,0.7738693467336684,0.9,0.5,0.5,4,5
525,GAT,0.90.90.0125,0.8630527817403709,0.4070351758793969,0.8630527817403709,0.4070351758793969,0.9,0.9,0.01,2,5
526,GAT,0.90.90.01220,0.9072753209700428,0.3869346733668342,0.9072753209700428,0.3869346733668342,0.9,0.9,0.01,2,20
527,GAT,0.90.90.01240,0.7161198288159771,0.3316582914572864,0.7161198288159771,0.3316582914572864,0.9,0.9,0.01,2,40
528,GAT,0.90.90.0132,0.7132667617689016,0.31155778894472363,0.7132667617689016,0.31155778894472363,0.9,0.9,0.01,3,2
529,GAT,0.90.90.0135,0.9671897289586305,0.5226130653266332,0.9671897289586305,0.5226130653266332,0.9,0.9,0.01,3,5
530,GAT,0.90.90.01320,0.9258202567760342,0.36180904522613067,0.9258202567760342,0.36180904522613067,0.9,0.9,0.01,3,20
531,GAT,0.90.90.0142,0.7403708987161198,0.32160804020100503,0.7403708987161198,0.32160804020100503,0.9,0.9,0.01,4,2
532,GAT,0.90.90.0145,0.8730385164051355,0.35175879396984927,0.8730385164051355,0.35175879396984927,0.9,0.9,0.01,4,5
533,GAT,0.90.90.0172,0.7275320970042796,0.4020100502512563,0.7275320970042796,0.4020100502512563,0.9,0.9,0.01,7,2
534,GAT,0.90.90.225,0.9657631954350927,0.6130653266331658,0.9657631954350927,0.6130653266331658,0.9,0.9,0.2,2,5
535,GAT,0.90.90.2220,0.8502139800285307,0.8492462311557789,0.8502139800285307,0.8492462311557789,0.9,0.9,0.2,2,20
536,GAT,0.90.90.2240,0.9985734664764622,1.0,0.9985734664764622,1.0,0.9,0.9,0.2,2,40
537,GAT,0.90.90.232,0.8017118402282454,0.7185929648241206,0.8017118402282454,0.7185929648241206,0.9,0.9,0.2,3,2
538,GAT,0.90.90.235,0.9814550641940085,0.5678391959798995,0.9814550641940085,0.5678391959798995,0.9,0.9,0.2,3,5
539,GAT,0.90.90.2320,0.609129814550642,0.3969849246231156,0.609129814550642,0.3969849246231156,0.9,0.9,0.2,3,20
540,GAT,0.90.90.242,1.0,0.8341708542713567,1.0,0.8341708542713567,0.9,0.9,0.2,4,2
541,GAT,0.90.90.245,1.0,0.949748743718593,1.0,0.949748743718593,0.9,0.9,0.2,4,5
542,GAT,0.90.90.272,0.9015691868758916,0.8894472361809045,0.9015691868758916,0.8894472361809045,0.9,0.9,0.2,7,2
543,GAT,0.90.90.525,1.0,0.8241206030150754,1.0,0.8241206030150754,0.9,0.9,0.5,2,5
544,GAT,0.90.90.5220,0.7489300998573466,0.7487437185929648,0.7489300998573466,0.7487437185929648,0.9,0.9,0.5,2,20
545,GAT,0.90.90.5240,0.8002853067047075,0.6582914572864321,0.8002853067047075,0.6582914572864321,0.9,0.9,0.5,2,40
546,GAT,0.90.90.535,0.6990014265335235,0.3768844221105528,0.6990014265335235,0.3768844221105528,0.9,0.9,0.5,3,5
547,GAT,0.90.90.5320,0.644793152639087,0.18090452261306533,0.644793152639087,0.18090452261306533,0.9,0.9,0.5,3,20
548,GAT,0.90.90.545,0.6134094151212554,0.25125628140703515,0.6134094151212554,0.25125628140703515,0.9,0.9,0.5,4,5
